Code;Operator;Country
41201;AWCC;Afghanistan
41240;Areeba;Afghanistan
41250;Etisalat;Afghanistan
41220;Roshan;Afghanistan
27601;AMC;Albania
27603;Eagle Mobile;Albania
27604;Plus Communication;Albania
27602;Vodafone;Albania
60302;Djezzy;Algeria
60301;Mobilis;Algeria
60303;Nedjma;Algeria
54411;Bluesky;American Samoa
21303;Mobiland;Andorra
63104;MOVICEL;Angola
63102;UNITEL;Angola
365840;Cable & Wireless;Anguilla (United Kingdom)
365010;Weblinks Limited;Anguilla (United Kingdom)
344030;APUA;Antigua and Barbuda
344920;bmobile;Antigua and Barbuda
344930;Digicel;Antigua and Barbuda
722310;Claro;Argentina
722320;Claro;Argentina
722330;Claro;Argentina
722350;Hutchinson (PORT HABLE);Argentina
722010;Movistar;Argentina
722070;Movistar;Argentina
722020;Nextel;Argentina
72234;Personal;Argentina
722341;Telecom Personal SA;Argentina
72236;Telecom Personal SA;Argentina
28301;Beeline;Armenia
28310;Orange;Armenia
28305;VivaCell-MTS;Armenia
36302;Digicel;Aruba (Netherlands)
36320;Digicell;Aruba (Netherlands)
36301;SETAR;Aruba (Netherlands)
50506;3;Australia
50512;3;Australia
50515;3GIS;Australia
50514;AAPT;Australia
50524;Advanced Communications Technologies;Australia
50509;Airnet;Australia
50538;Crazy John's;Australia
50504;Department of Defence;Australia
50588;Localstar;Australia
50510;Norfolk Telecom;Australia
50508;One. Tel;Australia
50599;One. Tel;Australia
50502;OPTUS / Virgin Mobile;Australia
50505;Ozitel;Australia
50513;Railcorp;Australia
50521;SOUL;Australia
50501;Telstra;Australia
50511;Telstra;Australia
50571;Telstra;Australia
50572;Telstra;Australia
50516;Victorian Rail Track;Australia
50503;Vodafone;Australia
50507;Vodafone;Australia
50590;YES OPTUS;Australia
23210;3;Austria
23214;3;Austria
23201;A1;Austria
23209;A1;Austria
23215;Barablu;Austria
23211;bob;Austria
23291;GSM-R A;Austria
23205;Orange;Austria
23203;T-Mobile;Austria
23207;T-Mobile;Austria
23212;yesss;Austria
40001;Azercell;Azerbaijan
40002;Bakcell;Azerbaijan
40003;FONEX;Azerbaijan
40004;Nar Mobile;Azerbaijan
364390;BaTelCo;Bahamas
42601;Batelco;Bahrain
42602;MTC-VFBH;Bahrain
42604;VIVA;Bahrain
47002;Aktel;Bangladesh
47003;Banglalink;Bangladesh
47005;Citycell;Bangladesh
47006;Citycell;Bangladesh
47001;Grameenphone;Bangladesh
47004;TeleTalk;Bangladesh
47007;Warid;Bangladesh
342600;bmobile;Barbados
342750;Digicel;Barbados
342820;Sunbeach Communications;Barbados
257501;BelCel JV;Belarus
25703;DIALLOG;Belarus
25704;life:);Belarus
25702;MTS;Belarus
25701;Velcom;Belarus
20620;BASE;Belgium
20610;Mobistar;Belgium
20601;Proximus;Belgium
20605;Telenet;Belgium
70267;Belize Telemedia;Belize
70268;International Telecommunications Ltd.;Belize
70299;Smart;Belize
61603;Areeba;Benin
61600;BBCOM;Benin
61604;BBCOM;Benin
61605;Glo;Benin
61601;Libercom;Benin
61602;Telecel;Benin
31038;Digicel;Bermudas
35001;Digicel Bermuda;Bermudas
35002;Mobility;Bermudas
40211;B-Mobile;Bhutan
40277;TashiCell;Bhutan
73602;Entel;Bolivia
73601;Nuevatel;Bolivia
73603;Tigo;Bolivia
21890;BH Mobile;Bosnia and Herzegovina
21803;ERONET;Bosnia and Herzegovina
21805;m:tel;Bosnia and Herzegovina
65204;BTC Mobile;Botswana
65201;Mascom;Botswana
65202;Orange;Botswana
72437;aiou;Brazil
72424;Amazonia Celular;Brazil
72416;Brasil Telecom;Brazil
72405;Claro;Brazil
72432;CTBC Cellular;Brazil
72433;CTBC Cellular;Brazil
72434;CTBC Cellular;Brazil
72407;CTBC Celular;Brazil
72400;Nextel;Brazil
72439;Nextel;Brazil
72415;Sercomtel;Brazil
72402;TIM;Brazil
72403;TIM;Brazil
72404;TIM;Brazil
72408;TIM;Brazil
72431;TNL PCS;Brazil
72406;Vivo;Brazil
72410;Vivo;Brazil
72411;Vivo;Brazil
72423;Vivo;Brazil
348170;Cable & Wireless;British Virgin Islands (United Kingdom)
348570;Caribbean Cellular Telephone;British Virgin Islands (United Kingdom)
348770;Digicel;British Virgin Islands (United Kingdom)
52802;B-Mobile;Brunei
52811;DTSCom;Brunei
52801;Jabatan Telekom;Brunei
28405;GLOBUL;Bulgaria
28401;M-Tel;Bulgaria
28404;Undisclosed;Bulgaria
28403;Vivatel;Bulgaria
61301;Onatel;Burkina Faso
61303;Telecel Faso;Burkina Faso
61302;Zain;Burkina Faso
64202;Africell;Burundi
64208;HiTs Telecom;Burundi
64207;Smart Mobile;Burundi
64201;Spacetel;Burundi
64203;Telecel;Burundi
64282;U-COM Burundi;Burundi
45609;Beeline;Cambodia
45618;Camshin / Shinawatra;Cambodia
45611;Excell;Cambodia
45602;hello;Cambodia
45608;Metfone;Cambodia
45601;Mobitel;Cambodia
45604;qb;Cambodia
45603;S Telecom;Cambodia
45606;Smart Mobile;Cambodia
45605;Star-Cell;Cambodia
62401;MTN Cameroon;Cameroon
62402;Orange;Cameroon
302290;Airtel Wireless;Canada
302652;BC Tel Mobility;Canada
302610;Bell;Canada
302640;Bell;Canada
302880;Bell / Telus / SaskTel;Canada
302651;Bell Mobility;Canada
302380;DMTS;Canada
302370;Fido;Canada
302350;FIRST;Canada
302710;Globalstar;Canada
302620;ICE Wireless;Canada
302701;MB Tel Mobility;Canada
302320;Mobilicity;Canada
302702;MT&T Mobility;Canada
302660;MTS;Canada
302655;MTS Mobility;Canada
302703;New Tel Mobility;Canada
302720;Rogers Wireless;Canada
302654;Sask Tel Mobility;Canada
302680;SaskTel;Canada
302780;SaskTel;Canada
302656;Tbay Mobility;Canada
302220;Telus;Canada
302221;Telus;Canada
302657;Telus (Quebec) Mobility;Canada
302360;Telus Mobility;Canada
302361;Telus Mobility;Canada
302653;Telus Mobility;Canada
302500;Videotron;Canada
302510;Videotron;Canada
302490;WIND Mobile;Canada
62501;CVMOVEL;Cape Verde
62502;T+;Cape Verde
346140;Cable & Wireless;Cayman Islands (United Kingdom)
346050;Digicel;Cayman Islands (United Kingdom)
62301;CTP;Central African Republic
62304;Nationlink;Central African Republic
62303;Orange;Central African Republic
62302;TC;Central African Republic
73003;Claro;Chile
73001;Entel;Chile
73010;Entel;Chile
73002;movistar;Chile
73004;Nextel;Chile
73008;VTR Móvil;Chile
73099;Will;Chile
46006;(unknown);China
46000;China Mobile;China
46002;China Mobile;China
46007;China Mobile;China
46003;China Telecom;China
46005;China Telecom;China
46020;China Tietong;China
46001;China Unicom;China
732001;Colombia Telecomunicaciones S.A. - Telecom;Colombia
732101;Comcel;Colombia
732002;Edatel;Colombia
732102;movistar;Colombia
732123;movistar;Colombia
732103;Tigo;Colombia
732111;Tigo;Colombia
65401;HURI - SNPT;Comoros
54801;Telecom Cook;Cook Islands
71201;ICE;Costa Rica
71202;ICE;Costa Rica
71203;ICE;Costa Rica
71204;movistar;Costa Rica
61201;Cora de Comstar;Cote d'Ivoire
61204;KoZ;Cote d'Ivoire
61202;Moov;Cote d'Ivoire
61205;MTN;Cote d'Ivoire
61203;Orange;Cote d'Ivoire
61206;ORICEL;Cote d'Ivoire
21901;T-Mobile;Croatia
21902;Tele2;Croatia
21910;VIPnet;Croatia
36801;ETECSA;Cuba
28001;Cytamobile-Vodafone;Cyprus
28010;MTN;Cyprus
62204;Salam;Czad
62202;TAWALI;Czad
62203;TIGO - Millicom;Czad
62201;Zain;Czad
23002;EUROTEL PRAHA;Czech Republic
23003;OSKAR;Czech Republic
23006;OSNO TELECOMUNICATION, s.r.o.;Czech Republic
23098;SŽDC s.o.;Czech Republic
23001;T-Mobile;Czech Republic
23005;TRAVEL TELEKOMMUNIKATION, s.r.o.;Czech Republic
23004;U:fon;Czech Republic
23099;Vodafone Czech Republic a.s., R&D Centre at FEE, CTU;Czech Republic
63086;CCT;Democratic Republic of Congo
63004;Cellco;Democratic Republic of Congo
63010;Libertis Telecom;Democratic Republic of Congo
63089;SAIT Telecom;Democratic Republic of Congo
63005;Supercell;Democratic Republic of Congo
63001;Vodacom;Democratic Republic of Congo
63002;Zain;Democratic Republic of Congo
23806;3;Denmark
23805;ApS KBUS;Denmark
23807;Barablu Mobile Ltd.;Denmark
23809;Dansk Beredskabskommunikation A/S;Denmark
23811;Dansk Beredskabskommunikation A/S;Denmark
23840;Ericsson Danmark A/S;Denmark
23812;Lycamobile Denmark Ltd;Denmark
23803;MIGway A/S;Denmark
23877;Sonofon;Denmark
23801;TDC;Denmark
23810;TDC;Denmark
23802;Telenor;Denmark
23820;Telia;Denmark
23830;Telia;Denmark
63801;Evatis;Djibouti
366110;Cable & Wireless;Dominica
366020;Digicel;Dominica
37002;Claro;Dominican Republic
37001;Orange;Dominican Republic
37003;Tricom S.A.;Dominican Republic
37004;ViVa;Dominican Republic
51402;Timor Telecom;East Timor
74002;Alegro;Ecuador
74000;Movistar;Ecuador
74001;Porta;Ecuador
60203;Etisalat;Egypt
60201;Mobinil;Egypt
60202;Vodafone;Egypt
70610;Claro;El Salvador
70611;Claro;El Salvador
70601;CTE Telecom Personal;El Salvador
70602;digicel;El Salvador
70604;movistar;El Salvador
70603;Telemovil EL Salvador;El Salvador
62703;Hits GQ;Equatorial Guinea
62701;Orange GQ;Equatorial Guinea
65701;Eritel;Eritrea
24805;AS Bravocom Mobiil;Estonia
24802;Elisa;Estonia
24801;EMT;Estonia
24804;OY Top Connect;Estonia
24806;OY ViaTel;Estonia
24803;Tele 2;Estonia
63601;ETMTN;Ethiopia
28801;Faroese Telecom;Faroe Islands (Denmark)
28802;Vodafone;Faroe Islands (Denmark)
54202;Digicel;Fiji
54201;Vodafone;Fiji
24414;AMT;Finland
24403;DNA;Finland
24412;DNA;Finland
24405;Elisa;Finland
24407;Nokia;Finland
24415;SAMK;Finland
24421;Saunalahti;Finland
24429;Scnl Truphone;Finland
24491;Sonera;Finland
24410;TDC Oy;Finland
24408;Unknown;Finland
24411;VIRVE;Finland
20820;Bouygues;France
20821;Bouygues;France
20888;Bouygues;France
20801;France Telecom Mobile;France
20814;Free Mobile;France
20815;Free Mobile;France
20805;Globalstar Europe;France
20806;Globalstar Europe;France
20807;Globalstar Europe;France
20800;Orange;France
20802;Orange;France
20810;SFR;France
20811;SFR;France
20813;SFR;France
20822;Transatel Mobile;France
_;Virgin;France
54720;VINI;French Polynesia (France)
62804;Azur;Gabon
62801;Libertis;Gabon
62802;Moov (Telecel) Gabon S.A.;Gabon
62803;Zain;Gabon
60702;Africel;Gambia
60703;Comium;Gambia
60701;Gamcel;Gambia
60704;QCell;Gambia
28988;A-Mobile;Georgia
28967;Aquafon;Georgia
28204;Beeline;Georgia
28201;Geocell;Georgia
28203;Iberiatel;Georgia
28202;Magti;Georgia
28205;Silknet;Georgia
26242;27C3;Germany
26215;Airdata;Germany
26210;Arcor AG & Co;Germany
26260;DB Telematik;Germany
262901;Debitel;Germany
26212;Dolphin Telecom;Germany
26203;E-Plus;Germany
26205;E-Plus;Germany
26277;E-Plus;Germany
26214;Group 3G UMTS;Germany
26243;LYCA;Germany
26213;Mobilcom Multimedia;Germany
26292;Nash Technologies;Germany
26207;O2;Germany
26208;O2;Germany
26211;O2;Germany
26276;Siemens AG;Germany
26201;T-Mobile;Germany
26206;T-Mobile;Germany
26216;vistream;Germany
26202;Vodafone;Germany
26204;Vodafone;Germany
26209;Vodafone;Germany
62006;Airtel;Ghana
62002;Ghana Telecom Mobile;Ghana
62004;Kasapa / Hutchison Telecom;Ghana
62001;MTN;Ghana
62003;tiGO;Ghana
26606;CTS Mobile;Gibraltar (United Kingdom)
26601;GibTel;Gibraltar (United Kingdom)
20201;Cosmote;Greece
20205;Vodafone;Greece
20209;Wind;Greece
20210;Wind;Greece
29001;TELE Greenland A/S;Greenland (Denmark)
352110;Cable & Wireless;Grenada
352030;Digicel;Grenada
34020;Digicel;Guadeloupe (France)
34008;MIO GSM;Guadeloupe (France)
34001;Orange;Guadeloupe (France)
34002;Outremer;Guadeloupe (France)
34003;Telcell;Guadeloupe (France)
310033;Guam Telephone Authority;Guam (United States)
310370;Guamcell;Guam (United States)
310470;Guamcell;Guam (United States)
311250;i CAN_GSM;Guam (United States)
310032;IT&E Wireless;Guam (United States)
310140;mPulse;Guam (United States)
70401;Claro;Guatemala
70402;Comcel / Tigo;Guatemala
70403;movistar;Guatemala
73801;Digicel;Guiana
73802;GT&T Cellink Plus;Guiana
61105;Cellcom;Guinea
61102;Lagui;Guinea
61104;MTN;Guinea
61101;Spacetel;Guinea
61103;Telecel Guinee;Guinea
63202;Areeba;Guinea-Bissau
63203;Orange;Guinea-Bissau
372010;Comcel / Voila;Haiti
37202;Digicel;Haiti
37203;NATCOM;Haiti
20414;6Gmobile;Holland (Netherlands)
20423;ASPIDER Solutions Nederland B.V.;Holland (Netherlands)
20427;Breezz Nederland B.V.;Holland (Netherlands)
20425;CapX B.V.;Holland (Netherlands)
20407;eleena (MVNE);Holland (Netherlands)
20405;Elephant Talk Communications Premium Rate Services;Holland (Netherlands)
20417;Intercity Mobile Communications B.V.;Holland (Netherlands)
20408;KPN;Holland (Netherlands)
20410;KPN;Holland (Netherlands)
20469;KPN Mobile The Netherlands B.V.;Holland (Netherlands)
20409;Lycamobile;Holland (Netherlands)
20422;Ministerie van Defensie;Holland (Netherlands)
20419;Mixe Communication Solutions B.V.;Holland (Netherlands)
20406;Mundio Mobile (Netherlands) Ltd;Holland (Netherlands)
20421;NS Railinfrabeheer B.V.;Holland (Netherlands)
20420;Orange Nederland;Holland (Netherlands)
20424;Private Mobility Nederland B.V.;Holland (Netherlands)
20467;RadioAccess B.V.;Holland (Netherlands)
20426;SpeakUp B.V.;Holland (Netherlands)
20416;T-Mobile / Ben;Holland (Netherlands)
20402;Tele2 Netherlands;Holland (Netherlands)
20412;Telfort / O2;Holland (Netherlands)
20413;Unica Installatietechniek B.V;Holland (Netherlands)
20468;Unify Group Holding B.V.;Holland (Netherlands)
20418;UPC Nederland B.V.;Holland (Netherlands)
20401;VastMobiel B.V.;Holland (Netherlands)
20404;Vodafone;Holland (Netherlands)
20403;Voiceworks B.V.;Holland (Netherlands)
70802;Celtel / Tigo;Honduras
70801;Claro;Honduras
70840;DIGICEL;Honduras
70830;Hondutel;Honduras
45403;3 (3G);Hong Kong (People's Republic of China)
45405;3 CDMA;Hong Kong (People's Republic of China)
45404;3 Dual (2G);Hong Kong (People's Republic of China)
45412;C Peoples;Hong Kong (People's Republic of China)
45409;China Motion Telecom;Hong Kong (People's Republic of China)
45407;China Unicom;Hong Kong (People's Republic of China)
45411;China-Hongkong Telecom;Hong Kong (People's Republic of China)
45401;CITIC Telecom 1616;Hong Kong (People's Republic of China)
45400;CSL;Hong Kong (People's Republic of China)
45402;CSL 3G;Hong Kong (People's Republic of China)
45418;Hong Kong CSL Limited;Hong Kong (People's Republic of China)
45414;Hutchison Telecom;Hong Kong (People's Republic of China)
45410;New World;Hong Kong (People's Republic of China)
45416;PCCW;Hong Kong (People's Republic of China)
45419;PCCW;Hong Kong (People's Republic of China)
45429;PCCW;Hong Kong (People's Republic of China)
45415;SmarTone Mobile Comms;Hong Kong (People's Republic of China)
45417;SmarTone Mobile Comms;Hong Kong (People's Republic of China)
45406;Smartone-Vodafone;Hong Kong (People's Republic of China)
45408;Trident;Hong Kong (People's Republic of China)
21601;Pannon;Hungary
21630;T-Mobile;Hungary
21670;Vodafone;Hungary
27407;IceCell;Iceland
27411;Nova;Iceland
27406;Núll níu ehf;Iceland
27408;On-waves;Iceland
27401;Siminn;Iceland
27412;Tal;Iceland
27404;Viking;Iceland
27402;Vodafone;Iceland
27403;Vodafone;Iceland
40417;AIRCEL;India
40425;AIRCEL;India
40428;AIRCEL;India
40429;AIRCEL;India
40437;AIRCEL;India
40491;AIRCEL;India
405082;AIRCEL;India
405800;AIRCEL;India
405801;AIRCEL;India
405802;AIRCEL;India
405803;AIRCEL;India
405804;AIRCEL;India
405805;AIRCEL;India
405806;AIRCEL;India
405807;AIRCEL;India
405808;AIRCEL;India
405809;AIRCEL;India
405810;AIRCEL;India
405811;AIRCEL;India
405812;AIRCEL;India
405813;AIRCEL;India
40460;Aircell Digilink;India
40415;Aircell Digilink Essar Cellph.;India
40406;Airtel;India
40410;Airtel;India
40431;Airtel;India
40440;Airtel;India
40445;Airtel;India
40449;Airtel;India
40470;Airtel;India
40494;Airtel;India
40495;Airtel;India
40497;Airtel;India
40498;Airtel;India
40551;Airtel;India
40552;Airtel;India
40553;AirTel;India
40554;AirTel;India
40555;AirTel;India
40556;AirTel;India
40570;AirTel;India
40496;Airtel - Haryana;India
40402;Airtel - Punjab;India
40403;Airtel / Bharti Telenet;India
40493;Airtel Gujrat;India
40490;Airtel Maharashtra & Goa;India
40492;Airtel Mumbai;India
40443;BPL Mobile Cellular;India
40421;BPL Mobile Mumbai;India
40427;BPL USWest Cellular / Cellular Comms;India
40434;BSNL;India
40438;BSNL;India
40451;BSNL;India
40453;BSNL;India
40454;BSNL;India
40455;BSNL;India
40457;BSNL;India
40458;BSNL;India
40459;BSNL;India
40464;BSNL;India
40471;BSNL;India
40473;BSNL;India
40474;BSNL;India
40475;BSNL;India
40476;BSNL;India
40477;BSNL;India
40480;BSNL;India
40481;BSNL;India
40462;BSNL J&K;India
40472;BSNL Kerala;India
40466;BSNL Maharashtra & Goa;India
40478;BTA Cellcom;India
40448;Dishnet Wireless;India
40482;Escorts;India
40487;Escorts Telecom;India
40488;Escorts Telecom;India
40489;Escorts Telecom;India
40411;Essar / Sterling Cellular;India
405912;Etisalat DB(cheers);India
405913;Etisalat DB(cheers);India
405914;Etisalat DB(cheers);India
405917;Etisalat DB(cheers);India
40566;Hutch;India
40486;Hutchinson Essar South;India
40413;Hutchison Essar South;India
40484;Hutchison Essar South;India
40419;IDEA;India
405799;IDEA;India
405845;IDEA;India
405848;IDEA;India
405850;IDEA;India
40586;IDEA;India
40412;Idea (Escotel) Haryana;India
40456;Idea (Escotel) UP West;India
40404;IDEA CELLULAR - Delhi;India
40424;IDEA Cellular - Gujarat;India
40422;IDEA Cellular - Maharashtra;India
405855;Loop Mobile;India
405864;Loop Mobile;India
405865;Loop Mobile;India
40468;MTNL - Delhi;India
40469;MTNL - Mumbai;India
40450;Reliance;India
40452;Reliance;India
40467;Reliance;India
40483;Reliance;India
40485;Reliance;India
40501;Reliance;India
40503;Reliance;India
40504;Reliance;India
40509;Reliance;India
40510;Reliance;India
40513;Reliance;India
40409;Reliance Telecom Private;India
40436;Reliance Telecom Private;India
40441;RPG MAA;India
405881;S Tel;India
40444;Spice Telecom - Karnataka;India
40414;Spice Telecom - Punjab;India
40442;Srinivas Cellcom / Aircel;India
40407;TATA Cellular / Idea Cellular;India
405025;TATA Teleservice;India
405026;TATA Teleservice;India
405027;TATA Teleservice;India
405029;TATA Teleservice;India
405030;TATA Teleservice;India
405031;TATA Teleservice;India
405032;TATA Teleservice;India
405033;TATA Teleservice;India
405034;TATA Teleservice;India
405035;TATA Teleservice;India
405036;TATA Teleservice;India
405037;TATA Teleservice;India
405038;TATA Teleservice;India
405039;TATA Teleservice;India
405040;TATA Teleservice;India
405041;TATA Teleservice;India
405042;TATA Teleservice;India
405043;TATA Teleservice;India
405044;TATA Teleservice;India
405045;TATA Teleservice;India
405046;TATA Teleservice;India
405047;TATA Teleservice;India
405818;Uninor;India
405819;Uninor;India
405820;Uninor;India
405821;Uninor;India
405822;Uninor;India
405844;Uninor;India
405875;Uninor;India
405880;Uninor;India
405927;Uninor;India
405929;Uninor;India
405824;Videocon Datacom;India
405827;Videocon Datacom;India
405834;Videocon Datacom;India
40420;Vodafone;India
40446;Vodafone;India
40405;Vodafone - Gujarat;India
40401;Vodafone - Haryana;India
40430;Vodafone - Kolkata;India
405750;Vodafone IN;India
405751;Vodafone IN;India
405752;Vodafone IN;India
405753;Vodafone IN;India
405754;Vodafone IN;India
405755;Vodafone IN;India
405756;Vodafone IN;India
51089;3;Indonesia
51008;AXIS;Indonesia
510?;Ceria;Indonesia
51027;Ceria;Indonesia
51099;Esia;Indonesia
51028;Fren/Hepi;Indonesia
51021;IM3;Indonesia
51001;INDOSAT;Indonesia
51000;PSN;Indonesia
51009;SMART;Indonesia
51003;StarOne;Indonesia
51007;TelkomFlexi;Indonesia
51020;TELKOMMobile;Indonesia
51010;Telkomsel;Indonesia
51011;XL;Indonesia
43235;Irancell;Iran
43293;Iraphone;Iran
43211;MCI;Iran
43219;MTCE;Iran
43232;Taliya;Iran
43270;TCI;Iran
43214;TKC;Iran
41805;Asia Cell;Iraq
41850;Asia Cell;Iraq
41840;Korek;Iraq
41845;Mobitel;Iraq
41892;Omnnea;Iraq
41808;SanaTel;Iraq
41820;Zain IQ;Iraq
41830;Zain IQ;Iraq
27205;3;Ireland
27204;Access Telecom;Ireland
27209;Clever Communications;Ireland
27200;E-Mobile;Ireland
27207;Eircom;Ireland
27211;Liffey Telecom;Ireland
27203;Meteor;Ireland
27202;O2;Ireland
272020;Tesco Mobile;Ireland
27201;Vodafone;Ireland
42502;Cellcom;Israel
42577;Mirs;Israel
42501;Orange;Israel
-;Partner;Israel
42503;Pelephone;Israel
22299;3 Italia;Italy
22298;Blu;Italy
22202;Elsacom;Italy
22277;IPSE 2000;Italy
22207;Noverca;Italy
22230;RFI;Italy
22201;TIM;Italy
22210;Vodafone;Italy
22288;Wind;Italy
338020;Cable & Wireless;Jamaica
338180;Cable & Wireless;Jamaica
338070;Claro;Jamaica
338050;Digicel;Jamaica
44001;DoCoMo;Japan
44002;DoCoMo;Japan
44003;DoCoMo;Japan
44009;DoCoMo;Japan
44010;DoCoMo;Japan
44011;DoCoMo;Japan
44012;DoCoMo;Japan
44013;DoCoMo;Japan
44014;DoCoMo;Japan
44015;DoCoMo;Japan
44016;DoCoMo;Japan
44017;DoCoMo;Japan
44018;DoCoMo;Japan
44019;DoCoMo;Japan
44021;DoCoMo;Japan
44022;DoCoMo;Japan
44023;DoCoMo;Japan
44024;DoCoMo;Japan
44025;DoCoMo;Japan
44026;DoCoMo;Japan
44027;DoCoMo;Japan
44028;DoCoMo;Japan
44029;DoCoMo;Japan
44030;DoCoMo;Japan
44031;DoCoMo;Japan
44032;DoCoMo;Japan
44033;DoCoMo;Japan
44034;DoCoMo;Japan
44035;DoCoMo;Japan
44036;DoCoMo;Japan
44037;DoCoMo;Japan
44038;DoCoMo;Japan
44039;DoCoMo;Japan
44049;DoCoMo;Japan
44058;DoCoMo;Japan
44060;DoCoMo;Japan
44061;DoCoMo;Japan
44062;DoCoMo;Japan
44063;DoCoMo;Japan
44064;DoCoMo;Japan
44065;DoCoMo;Japan
44066;DoCoMo;Japan
44067;DoCoMo;Japan
44068;DoCoMo;Japan
44069;DoCoMo;Japan
44087;DoCoMo;Japan
44099;DoCoMo;Japan
44000;eMobile;Japan
44007;KDDI;Japan
44008;KDDI;Japan
44050;KDDI;Japan
44051;KDDI;Japan
44052;KDDI;Japan
44053;KDDI;Japan
44054;KDDI;Japan
44055;KDDI;Japan
44056;KDDI;Japan
44070;KDDI;Japan
44071;KDDI;Japan
44072;KDDI;Japan
44073;KDDI;Japan
44074;KDDI;Japan
44075;KDDI;Japan
44076;KDDI;Japan
44077;KDDI;Japan
44079;KDDI;Japan
44088;KDDI;Japan
44089;KDDI;Japan
44078;Okinawa Cellular Telephone;Japan
44020;SoftBank;Japan
44080;TU-KA;Japan
44081;TU-KA;Japan
44082;TU-KA;Japan
44083;TU-KA;Japan
44084;TU-KA;Japan
44085;TU-KA;Japan
44086;TU-KA;Japan
44004;Vodafone;Japan
44006;Vodafone;Japan
44040;Vodafone;Japan
44041;Vodafone;Japan
44042;Vodafone;Japan
44043;Vodafone;Japan
44044;Vodafone;Japan
44045;Vodafone;Japan
44046;Vodafone;Japan
44047;Vodafone;Japan
44048;Vodafone;Japan
44090;Vodafone;Japan
44092;Vodafone;Japan
44093;Vodafone;Japan
44094;Vodafone;Japan
44095;Vodafone;Japan
44096;Vodafone;Japan
44097;Vodafone;Japan
44098;Vodafone;Japan
41677;Orange;Jordan
41603;Umniah;Jordan
41602;XPress Telecom;Jordan
41601;Zain;Jordan
40101;Beeline;Kazakhstan
40107;Dalacom;Kazakhstan
40102;K'Cell;Kazakhstan
40108;Kazakhtelecom;Kazakhstan
40177;Mobile Telecom Service;Kazakhstan
63907;Orange Kenya;Kenya
63902;Safaricom;Kenya
63905;yu;Kenya
63903;Zain;Kenya
54509;Kiribati Frigate;Kiribati
41904;Viva;Kuwait
41903;Wataniya;Kuwait
41902;Zain;Kuwait
43701;Bitel;Kyrgyzstan
43703;Fonex;Kyrgyzstan
43705;MegaCom;Kyrgyzstan
43709;O!;Kyrgyzstan
45702;ETL;Laos
45701;LaoTel;Laos
45703;LAT;Laos
45708;Tigo;Laos
24705;Bite;Latvia
24709;Camel Mobile;Latvia
24708;IZZI;Latvia
24701;LMT;Latvia
24707;MTS;Latvia
24706;Rigatta;Latvia
24702;Tele2;Latvia
24703;TRIATEL;Latvia
41501;Alfa;Lebanon
41503;MTC-Touch;Lebanon
41505;Ogero Mobile;Lebanon
65102;Econet Ezin-cel;Lesotho
65101;Vodacom;Lesotho
60602;Al-Jeel Phone;Libya
60606;Hatef Libya;Libya
60603;Libya Phone;Libya
60600;Libyana;Libya
60601;Madar;Libya
29504;Cubic Telecom;Liechtenstein
29505;FL1;Liechtenstein
29502;Orange;Liechtenstein
29501;Swisscom;Liechtenstein
29577;Tele 2;Liechtenstein
24602;BITE;Lithuania
24605;LitRail;Lithuania
24606;Mediafon;Lithuania
24601;Omnitel;Lithuania
24603;Tele 2;Lithuania
61807;Cellcom;Livery
61804;Comium Liberi;Livery
61802;Libercell;Livery
61820;LIBTELCO;Livery
61801;Lonestar Cell;Livery
27001;LuxGSM;Luksemburg
27077;Tango;Luksemburg
27099;Voxmobile;Luksemburg
45503;3;Macao (People's Republic of China)
45505;3;Macao (People's Republic of China)
45502;China Telecom;Macao (People's Republic of China)
45501;CTM;Macao (People's Republic of China)
45504;CTM;Macao (People's Republic of China)
45500;SmarTone;Macao (People's Republic of China)
64602;Orange;Madagascar
64603;Sacel;Madagascar
64604;Telma;Madagascar
64601;Zain;Madagascar
65001;TNM;Malawi
65010;Zain;Malawi
50201;ATUR 450;Malaysia
502151;Baraka Telecom Sdn Bhd (MVNE);Malaysia
50213;Celcom;Malaysia
50219;Celcom;Malaysia
50216;DiGi;Malaysia
50210;DiGi Telecommunications;Malaysia
50220;Electcoms Wireless Sdn Bhd;Malaysia
50212;Maxis;Malaysia
50217;Maxis;Malaysia
50214;Telekom Malaysia Berhad for PSTN SMS;Malaysia
50211;TM Homeline;Malaysia
502150;Tune Talk Sdn Bhd;Malaysia
50218;U Mobile;Malaysia
502152;Yes;Malaysia
47201;Dhiraagu;Maldives
47202;Wataniya;Maldives
61001;Malitel;Mali
61002;Orange;Mali
27821;GO;Malta
27877;Melita;Malta
27801;Vodafone;Malta
60902;Chinguitel;Mauretania
60901;Mattel;Mauretania
60910;Mauritel;Mauretania
61710;Emtel;Mauritius
61702;Mahanagar Telephone (Mauritius) Ltd.;Mauritius
61701;Orange;Mauritius
334050;Iusacell;Mexico
33403;movistar;Mexico
334030;movistar;Mexico
33401;Nextel;Mexico
334010;Nextel;Mexico
33402;Telcel;Mexico
334020;Telcel;Mexico
55001;FSM Telecom;Micronesia
25904;Eventis;Moldova
25903;IDC;Moldova
25902;Moldcell;Moldova
25901;Orange;Moldova
25905;Unité;Moldova
25999;Unité;Moldova
21201;Office des Telephones;Monaco
42898;G.Mobile;Mongolia
42899;MobiCom;Mongolia
42891;Skytel;Mongolia
42888;Unitel;Mongolia
29703;m:tel CG;Montenegro
22004;T-Mobile;Montenegro
29702;T-Mobile;Montenegro
29704;T-Mobile;Montenegro
29701;Telenor Montenegro;Montenegro
60401;IAM;Morocco
60405;INWI;Morocco
60400;Méditel;Morocco
64301;mCel;Mozambique
64304;Vodacom;Mozambique
41401;MPT;Myanmar
64903;Cell One;Namibia
64901;MTC;Namibia
64902;switch;Namibia
53602;Digicel;Nauru
42902;Mero Mobile;Nepal
42901;Nepal Telecom;Nepal
42904;SmartCell;Nepal
42903;United Telecom Limited;Nepal
36294;Bayòs;Netherlands Antilles (Netherlands)
36269;Digicel;Netherlands Antilles (Netherlands)
36295;MIO;Netherlands Antilles (Netherlands)
36251;Telcell;Netherlands Antilles (Netherlands)
36291;UTS;Netherlands Antilles (Netherlands)
54601;Mobilis;New Caledonia (France)
53024;NZ Comms;New Zealand
53000;Telecom;New Zealand
53002;Telecom;New Zealand
53005;Telecom;New Zealand
53004;TelstraClear;New Zealand
53001;Vodafone;New Zealand
53003;Woosh;New Zealand
71021;Claro;Nicaragua
71030;movistar;Nicaragua
71073;SERCOM;Nicaragua
61404;Orange;Niger
61401;SahelCom;Niger
61403;Telecel;Niger
61402;Zain;Niger
62160;Etisalat;Nigeria
62150;Glo;Nigeria
62140;M-Tel;Nigeria
62130;MTN;Nigeria
62125;Visafone;Nigeria
62120;Zain;Nigeria
55501;Telecom Niue;Niue
467192;Koryolink;North Korea
467193;SUN NET;North Korea
24209;Barablu Mobile Norway Ltd;Norway
24206;Ice;Norway
24220;Jernbaneverket AS;Norway
24223;Lyca;Norway
24203;MTU;Norway
24202;NetCom;Norway
24205;Network Norway;Norway
24211;SystemNet;Norway
24208;TDC Mobil AS;Norway
24204;Tele2;Norway
24201;Telenor;Norway
--;Telia;Norway
24207;Ventelo;Norway
42203;Nawras;Oman
42202;Oman Mobile;Oman
25030;Megafon;Osetia
41008;Instaphone;Pakistan
41001;Mobilink;Pakistan
41006;Telenor;Pakistan
41003;Ufone;Pakistan
41007;Warid;Pakistan
41004;Zong;Pakistan
55280;Palau Mobile;Palau
55201;PNCC;Palau
42505;JAWWAL;Palestine
42506;Wataniya;Palestine
71401;Cable & Wireless;Panama
71404;Digicel;Panama
71403;laro;Panama
71402;movistar;Panama
53701;B-Mobile;Papua New Guinea
53703;Digicel;Papua New Guinea
74402;Claro;Paraguay
74406;Copaco;Paraguay
74405;Personal;Paraguay
74404;Tigo;Paraguay
74401;VOX;Paraguay
71610;Claro;Peru
71606;movistar;Peru
71607;NEXTEL;Peru
51511;ACeS Philippines;Philippines
51505;Digitel;Philippines
51502;Globe;Philippines
51501;Islacom;Philippines
51588;Nextel;Philippines
51518;Red Mobile;Philippines
51503;Smart Gold;Philippines
26017;Aero2;Poland
26015;CenterNet;Poland
26012;Cyfrowy Polsat;Poland
26008;E-Telko;Poland
26016;Mobyland;Poland
26011;Nordisk Polska;Poland
26003;Orange;Poland
26006;Play;Poland
26001;Plus;Poland
26005;Polska Telefonia Komórkowa Centertel Sp. z o.o.;Poland
26007;Premium Internet;Poland
26013;Sferia;Poland
26002;T-mobile;Poland
26004;Tele2;Poland
26010;Telefony Opalenickie;Poland
26009;Telekomunikacja Kolejowa;Poland
26803;Optimus;Portugal
26806;TMN;Portugal
26801;Vodafone;Portugal
26821;Zapp;Portugal
33011;Claro;Puerto Rico
330110;Claro;Puerto Rico
33000;Open Mobile;Puerto Rico
42705;Ministry of Interior;Qatar
42701;Qatarnet;Qatar
42702;Vodafone;Qatar
62910;Libertis Telecom;Republic of Congo
62907;Warid Telecom;Republic of Congo
62901;Zain;Republic of Congo
29402;Cosmofon;Republic of Macedonia
29401;T-Mobile;Republic of Macedonia
29403;VIP;Republic of Macedonia
64700;Orange;Reunion (France)
64702;Outremer;Reunion (France)
64710;SFR Reunion;Reunion (France)
22603;Cosmote;Romania
22605;DIGI.mobil;Romania
22611;Enigma-System;Romania
22610;Orange;Romania
22602;Romtelecom;Romania
22601;Vodafone;Romania
22604;Zapp;Romania
22606;Zapp;Romania
25012;Baykalwestcom;Russian Federation
25028;Beeline;Russian Federation
25099;Beeline;Russian Federation
25010;DTC;Russian Federation
25005;ETK;Russian Federation
25019;INDIGO;Russian Federation
25013;KUGSM;Russian Federation
25002;MegaFon;Russian Federation
25023;Mobicom - Novosibirsk;Russian Federation
25035;MOTIV;Russian Federation
25001;MTS;Russian Federation
25003;NCC;Russian Federation
25016;NTC;Russian Federation
25011;Orensot;Russian Federation
25092;Primtelefon;Russian Federation
25004;Sibchallenge;Russian Federation
25006;Skylink;Russian Federation
25009;Skylink;Russian Federation
25007;SMARTS;Russian Federation
25014;SMARTS;Russian Federation
25015;SMARTS;Russian Federation
25044;Stavtelesot / North Caucasian GSM;Russian Federation
25038;Tambov GSM;Russian Federation
25020;Tele2;Russian Federation
25093;Telecom XXI;Russian Federation
25017;Utel;Russian Federation
25039;Utel;Russian Federation
63510;MTN;Rwanda
63512;Rwandatel;Rwanda
63513;Tigo;Rwanda
356110;Cable & Wireless;Saint Kitts and Nevis
356070;Chippie;Saint Kitts and Nevis
356050;Digicel;Saint Kitts and Nevis
358110;Cable & Wireless;Saint Lucia
358050;Digicel;Saint Lucia
360110;Cable & Wireless;Saint Vincent and the Grenadines
360100;Cingular Wireless;Saint Vincent and the Grenadines
360050;Digicel;Saint Vincent and the Grenadines
360070;Digicel;Saint Vincent and the Grenadines
30801;Ameris;Saint-Pierre and Miquelon (France)
54901;Digicel;Samoa
54927;SamoaTel;Samoa
29201;PRIMA;San Marino
62601;CSTmovel;Sao Tome and Principe
42007;EAE;Saudi Arabia
42003;Mobily;Saudi Arabia
42001;STC;Saudi Arabia
42004;Zain SA;Saudi Arabia
60803;Expresso;Senegal
60802;Sentel GSM;Senegal
60801;Sonatel ALIZE;Senegal
22003;Telekom Srbija;Serbia
22001;Telenor;Serbia
22005;VIP Mobile;Serbia
63301;Cable & Wireless (Seychelles) Ltd.;Seychelles
63302;Mediatech International;Seychelles
63310;Telecom Airtel;Seychelles
61905;Africell;Sierra Leone
61904;Comium;Sierra Leone
61903;Datatel;Sierra Leone
619?;LeoneCel;Sierra Leone
61902;Millicom;Sierra Leone
61925;Mobitel;Sierra Leone
61901;Zain;Sierra Leone
52512;Digital Trunked Radio Network;Singapore
52503;M1;Singapore
52501;SingTel;Singapore
52502;SingTel-G18;Singapore
52505;StarHub;Singapore
23105;Mobile Entertainment Company;Slovakia
23106;O2;Slovakia
23101;Orange;Slovakia
23102;T-Mobile;Slovakia
23104;T-Mobile;Slovakia
23103;Unient Communications;Slovakia
23199;ŽSR;Slovakia
29341;Mobitel;Slovenia
29340;SI.mobil - Vodafone;Slovenia
29364;T-2;Slovenia
29370;Tusmobil;Slovenia
54001;BREEZE;Solomon Islands
5401;BREEZE;Solomon Islands
63730;Golis;Somalia
63725;Hormuud;Somalia
63710;Nationlink;Somalia
63760;Nationlink Telecom;Somalia
63704;Somafone;Somalia
638;Telcom Mobile;Somalia
63701;Telesom;Somalia
63782;Telesom;Somalia
65530;Bokamoso Consortium;South Africa
65521;Cape Town Metropolitan Council;South Africa
65507;Cell C;South Africa
65532;Ilizwi Telecommunications;South Africa
65531;Karabo Telecoms (Pty) Ltd.;South Africa
65510;MTN;South Africa
65513;Neotel;South Africa
65511;SAPS Gauteng;South Africa
65506;Sentech;South Africa
65502;Telkom Mobile / 8.ta;South Africa
65533;Thinta Thinta Telecommunications;South Africa
65501;Vodacom;South Africa
45004;KT;South Korea
45008;KTF;South Korea
45002;KTF CDMA;South Korea
45006;LGU+;South Korea
45003;Power 017;South Korea
45005;SK Telecom;South Korea
21423;BARABLU MÓVIL ESPANA;Spain
21415;BT;Spain
21422;DigiMobil;Spain
21424;Eroski;Spain
21408;Euskaltel;Spain
21420;Fonyou;Spain
21425;LycaMobile;Spain
21407;movistar;Spain
21417;Móbil R;Spain
21418;ONO;Spain
21403;Orange;Spain
21409;Orange;Spain
21419;Simyo;Spain
21416;TeleCable;Spain
21405;TME;Spain
21401;Vodafone;Spain
21406;Vodafone;Spain
21404;Yoigo;Spain
41305;Airtel;Sri Lanka
41302;Dialog;Sri Lanka
41308;Hutch Sri Lanka;Sri Lanka
41301;Mobitel;Sri Lanka
41303;Tigo;Sri Lanka
63401;Mobitel / Mobile Telephone Company;Sudan
63402;MTN;Sudan
63407;Sudani One;Sudan
63405;Vivacell;Sudan
74603;Digicel;Suriname
74602;Telesu;Suriname
74604;Uniqa;Suriname
65310;Swazi MTN;Swaziland
24002;3 HUTCHISON;Sweden
24004;3G Infrastructure Services;Sweden
24016;42IT;Sweden
24021;Banverket;Sweden
24012;Barablu Mobile Scandinavia;Sweden
24026;Beepsend;Sweden
24025;DigiTelMobile;Sweden
24017;Gotanet;Sweden
24000;Halebop;Sweden
24011;Lindholmen Science Park;Sweden
24033;Mobile Arts AB;Sweden
24003;Nordisk Mobiltelefon;Sweden
24010;SpringMobil;Sweden
24024;Sweden 2G;Sweden
24024;Sweden 2G;Sweden
24005;Sweden 3G;Sweden
24014;TDC Mobil;Sweden
24007;Tele2Comviq;Sweden
24006;Telenor;Sweden
24008;Telenor;Sweden
24009;Telenor Mobile Sverige;Sweden
24001;TeliaSonera Mobile Networks;Sweden
24013;Ventelo Sverige;Sweden
24020;Wireless Maingate;Sweden
24015;Wireless Maingate Nordic;Sweden
22850;3G Mobile AG;Switzerland
22851;BebbiCell AG;Switzerland
22807;IN&Phone;Switzerland
22803;Orange;Switzerland
22806;SBB AG;Switzerland
22802;Sunrise;Switzerland
22801;Swisscom;Switzerland
22808;Tele2;Switzerland
22805;Togewanet AG (Comfone);Switzerland
41702;MTN Syria;Syria
41701;SyriaTel;Syria
46602;APTG;Taiwan
46605;APTG;Taiwan
46611;Chunghwa LDM;Taiwan
46692;Chungwa;Taiwan
46601;FarEasTone;Taiwan
46688;KG Telecom;Taiwan
46693;MobiTai;Taiwan
46697;Taiwan Mobile;Taiwan
46699;TransAsia;Taiwan
46606;Tuntex;Taiwan
46689;VIBO;Taiwan
43604;Babilon-M;Tajikistan
43605;CTJTHSC Tajik-tel;Tajikistan
43602;Indigo;Tajikistan
43603;MLT;Tajikistan
43601;Somoncom;Tajikistan
43612;Tcell;Tajikistan
64009;Hits;Tanzania
64002;Mobitel;Tanzania
64006;Sasatel;Tanzania
64011;SmileCom;Tanzania
64001;Tritel;Tanzania
64007;TTCL Mobile;Tanzania
64008;TTCL Mobile;Tanzania
64004;Vodacom;Tanzania
64005;Zain;Tanzania
64003;Zantel;Tanzania
52015;ACT Mobile;Thailand
52001;Advanced Info Service;Thailand
52023;Advanced Info Service;Thailand
52000;CAT CDMA;Thailand
52002;CAT CDMA;Thailand
52018;DTAC;Thailand
52099;True Move;Thailand
52010;WCS IQ;Thailand
61503;Moov;Togo
61505;Telecel;Togo
61501;Togo Cell;Togo
53988;Digicel;Tonga
53943;Shoreline Communication;Tonga
53901;Tonga Communications Corporation;Tonga
37412;bmobile;Trinidad and Tobago
37413;Digicel;Trinidad and Tobago
374130;Digicel;Trinidad and Tobago
60501;Orange;Tunisia
60502;Tunicell;Tunisia
60503;Tunisiana;Tunisia
28603;Avea;Turkey
28604;Aycell;Turkey
28601;Turkcell;Turkey
28602;Vodafone;Turkey
43801;MTS;Turkmenistan
43802;TM-Cell;Turkmenistan
55301;TTC;Tuvalu
64110;MTN;Uganda
64114;Orange;Uganda
64111;Uganda Telecom Ltd.;Uganda
64122;Warid Telecom;Uganda
64101;Zain;Uganda
25502;Beeline;Ukraine
25523;CDMA Ukraine;Ukraine
25505;Golden Telecom;Ukraine
25504;IT;Ukraine
25503;Kyivstar;Ukraine
25506;life:);Ukraine
25501;MTS;Ukraine
25521;PEOPLEnet;Ukraine
25507;Utel;Ukraine
42403;du;United Arab Emirates
42402;Etisalat;United Arab Emirates
23420;3 Hutchison;United Kingdom
23400;BT;United Kingdom
23455;Cable & Wireless / Sure Mobile (Isle of Man);United Kingdom
23418;Cloud9;United Kingdom
23403;Jersey Telenet;United Kingdom
23450;JT-Wave;United Kingdom
23458;Manx Telecom;United Kingdom
23401;MCom;United Kingdom
23402;O2;United Kingdom
23410;O2;United Kingdom
23411;O2;United Kingdom
23433;Orange;United Kingdom
23434;Orange;United Kingdom
23412;Railtrack;United Kingdom
23422;Routo Telecom;United Kingdom
23409;Sure Mobile;United Kingdom
23430;T-Mobile;United Kingdom
23419;Telaware;United Kingdom
234100;Tesco Mobile;United Kingdom
23477;Unknown;United Kingdom
23431;Virgin;United Kingdom
23432;Virgin;United Kingdom
23415;Vodafone;United Kingdom
310880;Advantage;United States
310850;Aeris;United States
310640;Airadigm;United States
310780;Airlink PCS;United States
310034;Airpeak;United States
310510;Airtel;United States
310430;Alaska Digitel;United States
310500;Alltel;United States
310590;Alltel;United States
310630;AmeriLink PCS;United States
310038;AT&T;United States
310090;AT&T;United States
310150;AT&T;United States
310170;AT&T;United States
310410;AT&T;United States
310560;AT&T;United States
310680;AT&T;United States
310380;AT&T Mobility;United States
310980;AT&T Mobility;United States
310990;AT&T Mobility;United States
310830;Caprock;United States
310350;Carolina Phone;United States
311130;Cell One Amarillo;United States
310320;Cellular One;United States
310440;Cellular One;United States
310390;Cellular One of East Texas;United States
311190;Cellular Properties;United States
310030;Centennial;United States
311010;Chariton Valley;United States
310570;Chinook Wireless;United States
310480;Choice Phone;United States
311120;Choice Phone;United States
310420;Cincinnati Bell;United States
311180;Cingular Wireless;United States
310620;Coleman County Telecom;United States
311040;Commnet Wireless;United States
310040;Concho;United States
310690;Conestoga;United States
310060;Consolidated Telcom;United States
310740;Convey;United States
310080;Corr;United States
310016;Cricket Communications;United States
310940;Digital Cellular;United States
310190;Dutch Harbor;United States
311070;Easterbrooke;United States
311160;Endless Mountains Wireless;United States
310610;Epic Touch;United States
311060;Farmers Cellular;United States
311210;Farmers Cellular;United States
310311;Farmers Wireless;United States
310910;First Cellular;United States
310300;Get Mobile Inc;United States
310970;Globalstar;United States
311100;High Plains Wireless;United States
311110;High Plains Wireless;United States
310070;Highland Cellular;United States
310400;i CAN_GSM;United States
310770;i wireless;United States
311030;Indigo Wireless;United States
310650;Jasper;United States
311090;Long Lines Wireless;United States
310010;MCI;United States
310000;Mid-Tex Cellular;United States
311000;Mid-Tex Cellular;United States
311020;Missouri RSA 5 Partnership;United States
310013;MobileTel;United States
316010;Nextel;United States
310017;North Sight Communications Inc.;United States
310670;Northstar;United States
310540;Oklahoma Western;United States
310870;PACE;United States
310760;Panhandle;United States
311170;PetroCom;United States
311080;Pine Cellular;United States
310790;PinPoint;United States
310100;Plateau Wireless;United States
310960;Plateau Wireless;United States
310110;PTI Pacifica;United States
310730;SeaMobile;United States
310046;SIMMETRY;United States
310460;Simmetry;United States
316011;Southern Communications Services;United States
310120;Sprint;United States
311140;Sprocket;United States
310490;SunCom;United States
310026;T-Mobile;United States
310160;T-Mobile;United States
310200;T-Mobile;United States
310210;T-Mobile;United States
310220;T-Mobile;United States
310230;T-Mobile;United States
310240;T-Mobile;United States
310250;T-Mobile;United States
310260;T-Mobile;United States
310270;T-Mobile;United States
310280;T-Mobile;United States
310290;T-Mobile;United States
310310;T-Mobile;United States
310330;T-Mobile;United States
310580;T-Mobile;United States
310660;T-Mobile;United States
310800;T-Mobile;United States
310900;Taylor;United States
310014;Testing;United States
310020;Union Telephone Company;United States
310520;VeriSign;United States
310004;Verizon;United States
310012;Verizon;United States
310450;Viaero;United States
310180;West Central;United States
310530;West Virginia Wireless;United States
310340;Westlink;United States
311050;Wikes Cellular;United States
311150;Wilkes Cellular;United States
310890;Wireless Alliance;United States
310950;XIT Wireless;United States
74800;Ancel;Uruguay
74801;Ancel;Uruguay
74810;Claro;Uruguay
74807;Movistar;Uruguay
43404;Beeline;Uzbekistan
43401;Buztel;Uzbekistan
43407;MTS;Uzbekistan
43406;Perfectum Mobile;Uzbekistan
43405;Ucell;Uzbekistan
43402;Uzmacom;Uzbekistan
54101;SMILE;Vanuatu
73401;Digitel;Venezuela
73402;Digitel;Venezuela
73403;Digitel;Venezuela
73406;Movilnet;Venezuela
73404;movistar;Venezuela
45208;3G EVNTelecom;Vietnam
45207;Beeline VN;Vietnam
45206;E-Mobile;Vietnam
45205;HT Mobile;Vietnam
45201;MobiFone;Vietnam
45203;S-Fone;Vietnam
45204;Viettel Mobile;Vietnam
45202;Vinaphone;Vietnam
376350;C&W;Wyspy Turks i Caicos
33805;Digicel;Wyspy Turks i Caicos
376352;Islandcom;Wyspy Turks i Caicos
42104;HiTS-UNITEL;Yemen
42102;MTN;Yemen
42101;SabaFon;Yemen
42103;Yemen Mobile;Yemen
64502;MTN;Zambia
64501;Zain;Zambia
64503;ZAMTEL;Zambia
64804;Econet;Zimbabwe
64801;Net*One;Zimbabwe
64803;Telecel;Zimbabwe
